title,location,division,url
Support Technician II,"Atlanta, GA",Cox Automotive,https://jobs.coxenterprises.com/job/13818310/support-technician-ii-atlanta-ga/
Technical Client Service Rep I,"Draper, UT",Cox Automotive,https://jobs.coxenterprises.com/job/13694770/technical-client-service-rep-i-remote/
"Sr Client Solutions Executive, Manheim - Atlanta SE","Atlanta, GA",Cox Automotive,https://jobs.coxenterprises.com/job/13988740/sr-client-solutions-executive-manheim-atlanta-se-remote/
Sr Product Analyst,"Burlington, VT",Cox Automotive,https://jobs.coxenterprises.com/job/13948555/sr-product-analyst-remote/
Senior User Interface Engineer,"Burlington, VT",Cox Automotive,https://jobs.coxenterprises.com/job/13004989/senior-user-interface-engineer-remote/
Software Engineer II,"Burlington, VT",Cox Automotive,https://jobs.coxenterprises.com/job/13727177/software-engineer-ii-remote/
Lead Platform Engineer,"Atlanta, GA",Cox Automotive,https://jobs.coxenterprises.com/job/13476442/lead-platform-engineer-remote/
Software Test Engineer II,"Mission, KS",Cox Automotive,https://jobs.coxenterprises.com/job/13316400/software-test-engineer-ii-mission-ks/
Senior Data Scientist,"Atlanta, GA",Cox Automotive,https://jobs.coxenterprises.com/job/13979199/senior-data-scientist-atlanta-ga/
Sr Site Reliability Engineer,"Burlington, VT",Cox Automotive,https://jobs.coxenterprises.com/job/13923320/sr-site-reliability-engineer-remote/
Senior Software Test Engineer,"Atlanta, GA",Cox Automotive,https://jobs.coxenterprises.com/job/13915558/senior-software-test-engineer-atlanta-ga/
Senior Software Engineer,"Dallas, TX",Cox Automotive,https://jobs.coxenterprises.com/job/13825265/senior-software-engineer-dallas-tx/
Stockwave Senior Performance Consultant - Nationwide,"Atlanta, GA",Cox Automotive,https://jobs.coxenterprises.com/job/13751760/stockwave-senior-performance-consultant-nationwide-remote/
Senior DevOps Engineer,"Groton, CT",Cox Automotive,https://jobs.coxenterprises.com/job/13376914/senior-devops-engineer-remote/
Lead Product Owner - Salesforce,"Atlanta, GA",Cox Automotive,https://jobs.coxenterprises.com/job/13478513/lead-product-owner-salesforce-remote/
Principal Software Engineer,"North Hills, NY",Cox Automotive,https://jobs.coxenterprises.com/job/13334330/principal-software-engineer-north-hills-ny/
Senior Software Test Engineer,"Groton, CT",Cox Automotive,https://jobs.coxenterprises.com/job/12982667/senior-software-test-engineer-groton-ct/
Technical Client Services Representative II,"Atlanta, GA",Cox Automotive,https://jobs.coxenterprises.com/job/13984288/technical-client-services-representative-ii-remote/
Lead Generation Specialist,"Atlanta, GA",Cox Automotive,https://jobs.coxenterprises.com/job/13757443/lead-generation-specialist-atlanta-ga/
Inventory Specialist II,"Irvine, CA",Cox Automotive,https://jobs.coxenterprises.com/job/13851988/inventory-specialist-ii-remote/
Inside Sales,"Atlanta, GA",Cox Automotive,https://jobs.coxenterprises.com/job/13751745/inside-sales-remote/
Co-op Service Specialist,"Atlanta, GA",Cox Automotive,https://jobs.coxenterprises.com/job/13712318/co-op-service-specialist-atlanta-ga/
Operations Coordinator,"Atlanta, GA",Cox Automotive,https://jobs.coxenterprises.com/job/13638144/operations-coordinator-atlanta-ga/
Digital Media Account Manager,"Irvine, CA",Cox Automotive,https://jobs.coxenterprises.com/job/13392343/digital-media-account-manager-irvine-ca/
Human Resources Business Partner,"Atlanta, GA",Cox Automotive,https://jobs.coxenterprises.com/job/14018898/human-resources-business-partner-atlanta-ga/
Senior Systems Engineer,"Atlanta, GA",Cox Automotive,https://jobs.coxenterprises.com/job/14010518/senior-systems-engineer-atlanta-ga/
Senior Product Owner – Observability,"Atlanta, GA",Cox Automotive,https://jobs.coxenterprises.com/job/14010527/senior-product-owner-observability-atlanta-ga/
Software Engineer II,"Atlanta, GA",Cox Automotive,https://jobs.coxenterprises.com/job/14010530/software-engineer-ii-atlanta-ga/
Communications Specialist II,"Atlanta, GA",Cox Automotive,https://jobs.coxenterprises.com/job/14010528/communications-specialist-ii-remote/
Product Owner - Self Service Tools,"Atlanta, GA",Cox Automotive,https://jobs.coxenterprises.com/job/14001489/product-owner-self-service-tools-atlanta-ga/
Recruiter,"Atlanta, GA",Cox Enterprises,https://jobs.coxenterprises.com/job/14001477/recruiter-remote/
Product Owner - ServiceNow,"Atlanta, GA",Cox Automotive,https://jobs.coxenterprises.com/job/14001488/product-owner-servicenow-atlanta-ga/
Lead Systems Engineer,"Atlanta, GA",Cox Automotive,https://jobs.coxenterprises.com/job/13967271/lead-systems-engineer-atlanta-ga/
Software Engineer II,"Atlanta, GA",Cox Automotive,https://jobs.coxenterprises.com/job/13920758/software-engineer-ii-atlanta-ga/
Digital Advertising Strategist,"Atlanta, GA",Cox Automotive,https://jobs.coxenterprises.com/job/13911588/digital-advertising-strategist-remote/
Senior Sales Strategy Analyst,"Atlanta, GA",Cox Automotive,https://jobs.coxenterprises.com/job/13901853/senior-sales-strategy-analyst-remote/
Lead Product Owner (Marketing),"Atlanta, GA",Cox Automotive,https://jobs.coxenterprises.com/job/13894179/lead-product-owner-marketing-atlanta-ga/
Software Engineer II,"Atlanta, GA",Cox Automotive,https://jobs.coxenterprises.com/job/13891463/software-engineer-ii-atlanta-ga/
Lead Technical Architect,"Atlanta, GA",Cox Automotive,https://jobs.coxenterprises.com/job/13891464/lead-technical-architect-atlanta-ga/
Senior Software Engineer - Back End,"Atlanta, GA",Cox Automotive,https://jobs.coxenterprises.com/job/13889180/senior-software-engineer-back-end-atlanta-ga/
Dealer.com Performance Consultant,"Atlanta, GA",Cox Automotive,https://jobs.coxenterprises.com/job/13883448/dealer-com-performance-consultant-remote/
Senior Database Administrator,"Atlanta, GA",Cox Automotive,https://jobs.coxenterprises.com/job/13881414/senior-database-administrator-atlanta-ga/
Data Engineer II,"Atlanta, GA",Cox Automotive,https://jobs.coxenterprises.com/job/13863308/data-engineer-ii-atlanta-ga/
Tagging Specialist II,"Atlanta, GA",Cox Automotive,https://jobs.coxenterprises.com/job/13863309/tagging-specialist-ii-remote/
Senior Security Engineer,"Atlanta, GA",Cox Automotive,https://jobs.coxenterprises.com/job/13749299/senior-security-engineer-atlanta-ga/
QA Analyst I,"Atlanta, GA",Cox Automotive,https://jobs.coxenterprises.com/job/13851991/qa-analyst-i-atlanta-ga/
Campaign Specialist,"Irvine, CA",Cox Automotive,https://jobs.coxenterprises.com/job/13849084/campaign-specialist-remote/
Software Engineer II,"Atlanta, GA",Cox Automotive,https://jobs.coxenterprises.com/job/13627017/software-engineer-ii-atlanta-ga/
Senior Scrum Master,"Atlanta, GA",Cox Automotive,https://jobs.coxenterprises.com/job/13838169/senior-scrum-master-atlanta-ga/
Lead Software Engineer,"Atlanta, GA",Cox Automotive,https://jobs.coxenterprises.com/job/13806832/lead-software-engineer-remote/
Senior UX Copywriter,"Atlanta, GA",Cox Automotive,https://jobs.coxenterprises.com/job/13838166/senior-ux-copywriter-atlanta-ga/
Lead Software Engineer,"Atlanta, GA",Cox Automotive,https://jobs.coxenterprises.com/job/13835761/lead-software-engineer-atlanta-ga/
Lead Software Engineer,"North Hills, NY",Cox Automotive,https://jobs.coxenterprises.com/job/13835758/lead-software-engineer-remote/
Senior Software Engineer - Android,"Atlanta, GA",Cox Automotive,https://jobs.coxenterprises.com/job/13835754/senior-software-engineer-android-atlanta-ga/
Senior Software Engineer,"Atlanta, GA",Cox Automotive,https://jobs.coxenterprises.com/job/13833085/senior-software-engineer-atlanta-ga/
Software Engineer II,"Atlanta, GA",Cox Automotive,https://jobs.coxenterprises.com/job/13827473/software-engineer-ii-atlanta-ga/
Principal Security Engineer,"Atlanta, GA",Cox Automotive,https://jobs.coxenterprises.com/job/13825270/principal-security-engineer-atlanta-ga/
Senior Software Engineer - Web UI,"Atlanta, GA",Cox Automotive,https://jobs.coxenterprises.com/job/13804301/senior-software-engineer-web-ui-atlanta-ga/
Product Owner,"Atlanta, GA",Cox Automotive,https://jobs.coxenterprises.com/job/13778684/product-owner-remote/
Principal Systems Engineer,"Atlanta, GA",Cox Automotive,https://jobs.coxenterprises.com/job/13752915/principal-systems-engineer-remote/
Security Engineer II,"Atlanta, GA",Cox Automotive,https://jobs.coxenterprises.com/job/13749300/security-engineer-ii-atlanta-ga/
Lead Security Engineer,"Atlanta, GA",Cox Automotive,https://jobs.coxenterprises.com/job/13749301/lead-security-engineer-atlanta-ga/
Senior Release Train Engineer,"Atlanta, GA",Cox Automotive,https://jobs.coxenterprises.com/job/13716218/senior-release-train-engineer-atlanta-ga/
Sr Financial Analyst,"Mission, KS",Cox Automotive,https://jobs.coxenterprises.com/job/13708136/sr-financial-analyst-remote/
Software Test Engineer II,"Atlanta, GA",Cox Automotive,https://jobs.coxenterprises.com/job/13706577/software-test-engineer-ii-atlanta-ga/
Sr Fraud Prevention Analyst,"Atlanta, GA",Cox Automotive,https://jobs.coxenterprises.com/job/13687987/sr-fraud-prevention-analyst-remote/
Senior Systems Engineer,"Atlanta, GA",Cox Automotive,https://jobs.coxenterprises.com/job/13695913/senior-systems-engineer-atlanta-ga/
Senior Scrum Master,"Atlanta, GA",Cox Automotive,https://jobs.coxenterprises.com/job/13304828/senior-scrum-master-atlanta-ga/
Senior Software Engineer,"Atlanta, GA",Cox Automotive,https://jobs.coxenterprises.com/job/13680908/senior-software-engineer-atlanta-ga/
Senior Product Manager,"Atlanta, GA",Cox Automotive,https://jobs.coxenterprises.com/job/13623656/senior-product-manager-atlanta-ga/
Ad Platforms & Capability Specialist II,"Irvine, CA",Cox Automotive,https://jobs.coxenterprises.com/job/13579842/ad-platforms-capability-specialist-ii-irvine-ca/
Principal Solution Architect - Data,"Atlanta, GA",Cox Automotive,https://jobs.coxenterprises.com/job/13577505/principal-solution-architect-data-atlanta-ga/
Principal Site Reliability Engineer,"Dallas, TX",Cox Automotive,https://jobs.coxenterprises.com/job/13571466/principal-site-reliability-engineer-dallas-tx/
Lead Site Reliability Engineer,"Dallas, TX",Cox Automotive,https://jobs.coxenterprises.com/job/13571467/lead-site-reliability-engineer-dallas-tx/
Senior Digital Analytics Specialist,"Irvine, CA",Cox Automotive,https://jobs.coxenterprises.com/job/13554573/senior-digital-analytics-specialist-irvine-ca/
Software Engineer II,"Atlanta, GA",Cox Automotive,https://jobs.coxenterprises.com/job/13478504/software-engineer-ii-atlanta-ga/
Senior Software Engineer,"Atlanta, GA",Cox Automotive,https://jobs.coxenterprises.com/job/13316391/senior-software-engineer-atlanta-ga/
Senior Software Engineer,"Atlanta, GA",Cox Automotive,https://jobs.coxenterprises.com/job/13195946/senior-software-engineer-atlanta-ga/
Lead Site Reliability Engineer,"Atlanta, GA",Cox Automotive,https://jobs.coxenterprises.com/job/13301153/lead-site-reliability-engineer-remote/
Senior Product Owner,"North Hills, NY",Cox Automotive,https://jobs.coxenterprises.com/job/13272747/senior-product-owner-remote/
Lead Risk & Compliance Advisor,"Atlanta, GA",Cox Automotive,https://jobs.coxenterprises.com/job/13108671/lead-risk-compliance-advisor-atlanta-ga/
Software Engineer II,"Atlanta, GA",Cox Automotive,https://jobs.coxenterprises.com/job/13197742/software-engineer-ii-remote/
Software Engineer II,"Atlanta, GA",Cox Automotive,https://jobs.coxenterprises.com/job/12945310/software-engineer-ii-atlanta-ga/
Lead Risk & Compliance Advisor,"Atlanta, GA",Cox Automotive,https://jobs.coxenterprises.com/job/13118930/lead-risk-compliance-advisor-atlanta-ga/
Lead Security Engineer,"Atlanta, GA",Cox Automotive,https://jobs.coxenterprises.com/job/13108670/lead-security-engineer-atlanta-ga/
Lead Software Engineer,"North Hills, NY",Cox Automotive,https://jobs.coxenterprises.com/job/13048899/lead-software-engineer-remote/
Senior Software Engineer,"Atlanta, GA",Cox Automotive,https://jobs.coxenterprises.com/job/12921453/senior-software-engineer-atlanta-ga/
Project Manager II,"West Palm Beach, FL",Cox Enterprises,https://jobs.coxenterprises.com/job/13697955/project-manager-ii-west-palm-beach-fl/
Accounting Supervisor,"Atlanta, GA",Cox Enterprises,https://jobs.coxenterprises.com/job/13697954/accounting-supervisor-remote/
Digital Media Strategist,"Atlanta, GA",Cox Enterprises,https://jobs.coxenterprises.com/job/13265520/digital-media-strategist-atlanta-ga/
Multimedia Account Executive CoxNext,"Atlanta, GA",Cox Enterprises,https://jobs.coxenterprises.com/job/13991072/multimedia-account-executive-coxnext-atlanta-ga/
Technical Support Specialist II,"Atlanta, GA",Cox Automotive,https://jobs.coxenterprises.com/job/13897040/technical-support-specialist-ii-atlanta-ga/
Multimedia Account Executive - Event Sponsorships,"Atlanta, GA",Cox Enterprises,https://jobs.coxenterprises.com/job/13977011/multimedia-account-executive-event-sponsorships-atlanta-ga/
Multimedia Account Executive -The Atlanta Journal Constitution,"Atlanta, GA",Cox Enterprises,https://jobs.coxenterprises.com/job/13977012/multimedia-account-executive-the-atlanta-journal-constitution-atlanta-ga/
Lead Scrum Master,"Atlanta, GA",Cox Automotive,https://jobs.coxenterprises.com/job/13967270/lead-scrum-master-atlanta-ga/
Senior Software Engineer,"Atlanta, GA",Cox Automotive,https://jobs.coxenterprises.com/job/13964444/senior-software-engineer-atlanta-ga/
Senior Platform Engineer,"Atlanta, GA",Cox Automotive,https://jobs.coxenterprises.com/job/13915563/senior-platform-engineer-atlanta-ga/
Local Reporter - Cobb County,"Atlanta, GA",Cox Enterprises,https://jobs.coxenterprises.com/job/13860141/local-reporter-cobb-county-atlanta-ga/
Local Reporter - Gwinnett,"Atlanta, GA",Cox Enterprises,https://jobs.coxenterprises.com/job/13860142/local-reporter-gwinnett-atlanta-ga/
Principal Enterprise Architect,"Atlanta, GA",Cox Automotive,https://jobs.coxenterprises.com/job/13741067/principal-enterprise-architect-atlanta-ga/
Beat Reporter - Education,"Atlanta, GA",Cox Enterprises,https://jobs.coxenterprises.com/job/13788633/beat-reporter-education-atlanta-ga/
Senior Software Test Engineer,"Atlanta, GA",Cox Automotive,https://jobs.coxenterprises.com/job/13764017/senior-software-test-engineer-atlanta-ga/
Principal Software Engineer,"Atlanta, GA",Cox Automotive,https://jobs.coxenterprises.com/job/13760018/principal-software-engineer-atlanta-ga/
Senior Platform Engineer,"Atlanta, GA",Cox Automotive,https://jobs.coxenterprises.com/job/13757442/senior-platform-engineer-remote/
"Senior Analyst, Process Improvement, Order-to-Cash (OTC)","Atlanta, GA",Cox Automotive,https://jobs.coxenterprises.com/job/13732614/senior-analyst-process-improvement-order-to-cash-otc-atlanta-ga/
Senior Release Train Engineer,"Atlanta, GA",Cox Automotive,https://jobs.coxenterprises.com/job/13658398/senior-release-train-engineer-atlanta-ga/
Release Train Engineer II,"Atlanta, GA",Cox Automotive,https://jobs.coxenterprises.com/job/13656115/release-train-engineer-ii-atlanta-ga/
"Senior Billing Analyst, Margin Assurance","Dallas, TX",Cox Automotive,https://jobs.coxenterprises.com/job/13599843/senior-billing-analyst-margin-assurance-dallas-tx/
Senior Software Engineer,"Atlanta, GA",Cox Automotive,https://jobs.coxenterprises.com/job/13564747/senior-software-engineer-atlanta-ga/
Release Engineer,"Atlanta, GA",Cox Automotive,https://jobs.coxenterprises.com/job/13535749/release-engineer-atlanta-ga/
Software Test Engineer II - .NET,"Atlanta, GA",Cox Automotive,https://jobs.coxenterprises.com/job/13446732/software-test-engineer-ii-net-atlanta-ga/
Senior Product Manager,"Atlanta, GA",Cox Automotive,https://jobs.coxenterprises.com/job/13267551/senior-product-manager-atlanta-ga/
Senior Cloud Developer,"Atlanta, GA",Cox Enterprises,https://jobs.coxenterprises.com/job/12485247/senior-cloud-developer-atlanta-ga/
Senior Software Test Engineer,"Atlanta, GA",Cox Automotive,https://jobs.coxenterprises.com/job/12414912/senior-software-test-engineer-atlanta-ga/
Service Assurance Tech III (NOC as a Service),"Phoenix, AZ",Cox Communications Inc,https://jobs.coxenterprises.com/job/13817109/service-assurance-tech-iii-noc-as-a-service-phoenix-az/
Data Analyst I,"Phoenix, AZ",Cox Communications Inc,https://jobs.coxenterprises.com/job/14018894/data-analyst-i-remote/
Data Analyst III,"Atlanta, GA",Cox Communications Inc,https://jobs.coxenterprises.com/job/14016697/data-analyst-iii-atlanta-ga/
Cloud Sales Consultant II,"Atlanta, GA",Cox Communications Inc,https://jobs.coxenterprises.com/job/14010537/cloud-sales-consultant-ii-atlanta-ga/
Media Operations Tech II - Cox Media,"Atlanta, GA",Cox Communications Inc,https://jobs.coxenterprises.com/job/14010529/media-operations-tech-ii-cox-media-atlanta-ga/
Executive Assistant II,"Atlanta, GA",Cox Communications Inc,https://jobs.coxenterprises.com/job/14001474/executive-assistant-ii-atlanta-ga/
Strategic Workforce Plan Manager,"Atlanta, GA",Cox Communications Inc,https://jobs.coxenterprises.com/job/13871234/strategic-workforce-plan-manager-atlanta-ga/
Litigation Paralegal,"Atlanta, GA",Cox Enterprises,https://jobs.coxenterprises.com/job/13923339/litigation-paralegal-atlanta-ga/
Data Analyst III,"Atlanta, GA",Cox Communications Inc,https://jobs.coxenterprises.com/job/13646574/data-analyst-iii-remote/
Designer,"Atlanta, GA",Cox Enterprises,https://jobs.coxenterprises.com/job/13749296/designer-atlanta-ga/
Payroll Specialist,"Atlanta, GA",Cox Enterprises,https://jobs.coxenterprises.com/job/13741050/payroll-specialist-atlanta-ga/
"Internal Consultant, Rotational Leadership Development Program (LEAD)","Atlanta, GA",Cox Communications Inc,https://jobs.coxenterprises.com/job/13658397/internal-consultant-rotational-leadership-development-program-lead-atlanta-ga/
Designer,"Atlanta, GA",Cox Enterprises,https://jobs.coxenterprises.com/job/13621730/designer-remote/
"Senior Accounting Analyst, Enterprise Accounting","Atlanta, GA",Cox Communications Inc,https://jobs.coxenterprises.com/job/13175785/senior-accounting-analyst-enterprise-accounting-atlanta-ga/
Senior Learning Advisor-Cox Business Product Support,"Atlanta, GA",Cox Communications Inc,https://jobs.coxenterprises.com/job/14020949/senior-learning-advisor-cox-business-product-support-remote/
Technical Recruiter,"Atlanta, GA",Cox Enterprises,https://jobs.coxenterprises.com/job/14018902/technical-recruiter-atlanta-ga/
Lead Analytics Engineer,"Atlanta, GA",Cox Communications Inc,https://jobs.coxenterprises.com/job/13579847/lead-analytics-engineer-atlanta-ga/
"Associate Product Manager, Cox Business Install","Atlanta, GA",Cox Communications Inc,https://jobs.coxenterprises.com/job/14010531/associate-product-manager-cox-business-install-atlanta-ga/
Salesforce Analyst - Cox Business Enablement,"Atlanta, GA",Cox Communications Inc,https://jobs.coxenterprises.com/job/14010535/salesforce-analyst-cox-business-enablement-atlanta-ga/
Senior Recruiter - B2B Sales,"Atlanta, GA",Cox Enterprises,https://jobs.coxenterprises.com/job/14010521/senior-recruiter-b2b-sales-remote/
Business Analyst III - Cox Business Enablement,"Atlanta, GA",Cox Communications Inc,https://jobs.coxenterprises.com/job/14010540/business-analyst-iii-cox-business-enablement-atlanta-ga/
Technical Recruiter,"Atlanta, GA",Cox Enterprises,https://jobs.coxenterprises.com/job/13998241/technical-recruiter-atlanta-ga/
Senior Technical Recruiter,"Atlanta, GA",Cox Enterprises,https://jobs.coxenterprises.com/job/13998240/senior-technical-recruiter-atlanta-ga/
Senior Financial Analyst,"Atlanta, GA",Cox Communications Inc,https://jobs.coxenterprises.com/job/13788630/senior-financial-analyst-atlanta-ga/
Senior IT Process Analyst,"Atlanta, GA",Cox Enterprises,https://jobs.coxenterprises.com/job/13984291/senior-it-process-analyst-atlanta-ga/
IT Process Analyst,"Atlanta, GA",Cox Enterprises,https://jobs.coxenterprises.com/job/13984290/it-process-analyst-atlanta-ga/
"Senior Accounting Analyst, Family Office","Atlanta, GA",Cox Enterprises,https://jobs.coxenterprises.com/job/13974187/senior-accounting-analyst-family-office-atlanta-ga/
Internal Audit & Advisory Specialist,"Atlanta, GA",Cox Enterprises,https://jobs.coxenterprises.com/job/13974188/internal-audit-advisory-specialist-atlanta-ga/
Collections Specialist - Cox Media,"Atlanta, GA",Cox Communications Inc,https://jobs.coxenterprises.com/job/13972228/collections-specialist-cox-media-atlanta-ga/
Business Analyst III - Cox Business Enablement,"Atlanta, GA",Cox Communications Inc,https://jobs.coxenterprises.com/job/13895417/business-analyst-iii-cox-business-enablement-atlanta-ga/
"Senior Talent Acquisition Sourcer, Sales","Atlanta, GA",Cox Enterprises,https://jobs.coxenterprises.com/job/13954472/senior-talent-acquisition-sourcer-sales-remote/
Senior HR Generalist,"Atlanta, GA",Cox Communications Inc,https://jobs.coxenterprises.com/job/13638150/senior-hr-generalist-atlanta-ga/
Senior Recruiting Coordinator,"Atlanta, GA",Cox Enterprises,https://jobs.coxenterprises.com/job/13944898/senior-recruiting-coordinator-remote/
Recruiting Coordinator II,"Atlanta, GA",Cox Enterprises,https://jobs.coxenterprises.com/job/13944899/recruiting-coordinator-ii-remote/
Senior Recruiting Coordinator,"Atlanta, GA",Cox Enterprises,https://jobs.coxenterprises.com/job/13944897/senior-recruiting-coordinator-remote/
Senior Financial Analyst,"Atlanta, GA",Cox Communications Inc,https://jobs.coxenterprises.com/job/13806830/senior-financial-analyst-remote/
Senior Accounting Analyst - Enterprise Accounting,"Atlanta, GA",Cox Communications Inc,https://jobs.coxenterprises.com/job/13771377/senior-accounting-analyst-enterprise-accounting-atlanta-ga/
Senior Technical Recruiter,"Atlanta, GA",Cox Enterprises,https://jobs.coxenterprises.com/job/13776376/senior-technical-recruiter-atlanta-ga/
Compensation Analyst II,"Atlanta, GA",Cox Communications Inc,https://jobs.coxenterprises.com/job/13851990/compensation-analyst-ii-atlanta-ga/
Solutions Architect,"Atlanta, GA",Cox Enterprises,https://jobs.coxenterprises.com/job/13920755/solutions-architect-atlanta-ga/
Sourcing Manager - Professional Services,"Atlanta, GA",Cox Communications Inc,https://jobs.coxenterprises.com/job/13721835/sourcing-manager-professional-services-atlanta-ga/
Financial Analyst II,"Atlanta, GA",Cox Communications Inc,https://jobs.coxenterprises.com/job/13907689/financial-analyst-ii-atlanta-ga/
Financial Analyst II,"Atlanta, GA",Cox Communications Inc,https://jobs.coxenterprises.com/job/13907686/financial-analyst-ii-remote/
Lead Release Engineer,"Atlanta, GA",Cox Enterprises,https://jobs.coxenterprises.com/job/13904834/lead-release-engineer-atlanta-ga/
Business Analyst III – Cox Business Enablement (Marketing),"Atlanta, GA",Cox Communications Inc,https://jobs.coxenterprises.com/job/13895415/business-analyst-iii-cox-business-enablement-marketing-atlanta-ga/
Recruiting Events Specialist,"Atlanta, GA",Cox Enterprises,https://jobs.coxenterprises.com/job/13895413/recruiting-events-specialist-atlanta-ga/
Business Analyst III – Cox Business Enablement (Digital),"Atlanta, GA",Cox Communications Inc,https://jobs.coxenterprises.com/job/13895416/business-analyst-iii-cox-business-enablement-digital-atlanta-ga/
Financial Analyst I,"Atlanta, GA",Cox Automotive,https://jobs.coxenterprises.com/job/13894170/financial-analyst-i-atlanta-ga/
Senior Financial Analyst - Planning,"Atlanta, GA",Cox Enterprises,https://jobs.coxenterprises.com/job/13757447/senior-financial-analyst-planning-atlanta-ga/
Senior Financial Analyst - Client Support,"Atlanta, GA",Cox Enterprises,https://jobs.coxenterprises.com/job/13757448/senior-financial-analyst-client-support-atlanta-ga/
"Financial Analyst II, Enterprise Analysis","Atlanta, GA",Cox Communications Inc,https://jobs.coxenterprises.com/job/13873533/financial-analyst-ii-enterprise-analysis-remote/
Senior Solutions Architect (ServiceNow),"Atlanta, GA",Cox Enterprises,https://jobs.coxenterprises.com/job/13871252/senior-solutions-architect-servicenow-remote/
Digital Ad Operations Specialist - Cox Media,"Atlanta, GA",Cox Communications Inc,https://jobs.coxenterprises.com/job/13871246/digital-ad-operations-specialist-cox-media-atlanta-ga/
Digital Ad Campaign Manager - Cox Media,"Atlanta, GA",Cox Communications Inc,https://jobs.coxenterprises.com/job/13871247/digital-ad-campaign-manager-cox-media-atlanta-ga/
Digital Ad Operations Specialist - Cox Media,"Atlanta, GA",Cox Communications Inc,https://jobs.coxenterprises.com/job/13846299/digital-ad-operations-specialist-cox-media-atlanta-ga/
Product Specialist - Cox Media,"Atlanta, GA",Cox Communications Inc,https://jobs.coxenterprises.com/job/13841170/product-specialist-cox-media-atlanta-ga/
Senior Applications Developer,"Atlanta, GA",Cox Enterprises,https://jobs.coxenterprises.com/job/13833084/senior-applications-developer-atlanta-ga/
(FILLED) Sr User Interface Engineer,"Burlington, VT",Cox Automotive,https://jobs.coxenterprises.com/job/13827479/-filled-sr-user-interface-engineer-burlington-vt/
User Interface Engineer II,"Burlington, VT",Cox Automotive,https://jobs.coxenterprises.com/job/13827480/user-interface-engineer-ii-burlington-vt/
Senior Financial Analyst,"Atlanta, GA",Cox Communications Inc,https://jobs.coxenterprises.com/job/13725097/senior-financial-analyst-atlanta-ga/
"Senior Analyst, Internal Controls Governance","Atlanta, GA",Cox Communications Inc,https://jobs.coxenterprises.com/job/13716226/senior-analyst-internal-controls-governance-atlanta-ga/
Financial Reporting Manager,"Atlanta, GA",Cox Enterprises,https://jobs.coxenterprises.com/job/13801952/financial-reporting-manager-atlanta-ga/
"Senior Analyst, Marketing Analytics","Atlanta, GA",Cox Communications Inc,https://jobs.coxenterprises.com/job/13790429/senior-analyst-marketing-analytics-remote/
"Analyst, Complex Proposal Desk - Cox Business","Atlanta, GA",Cox Communications Inc,https://jobs.coxenterprises.com/job/13715163/analyst-complex-proposal-desk-cox-business-atlanta-ga/
Senior Analyst - Cox Business Fulfillment,"Atlanta, GA",Cox Communications Inc,https://jobs.coxenterprises.com/job/12846268/senior-analyst-cox-business-fulfillment-atlanta-ga/
Senior Solution Architect - Data Analytics,"Atlanta, GA",Cox Enterprises,https://jobs.coxenterprises.com/job/13771378/senior-solution-architect-data-analytics-atlanta-ga/
"Senior Financial Analyst, Client Support","Atlanta, GA",Cox Communications Inc,https://jobs.coxenterprises.com/job/13522992/senior-financial-analyst-client-support-atlanta-ga/
Senior Solution Architect - Technology Infrastructure,"Atlanta, GA",Cox Enterprises,https://jobs.coxenterprises.com/job/13760013/senior-solution-architect-technology-infrastructure-atlanta-ga/
"Corporate Counsel, Mobility","Atlanta, GA",Cox Automotive,https://jobs.coxenterprises.com/job/13742384/corporate-counsel-mobility-atlanta-ga/
Corporate Counsel,"Atlanta, GA",Cox Automotive,https://jobs.coxenterprises.com/job/13742385/corporate-counsel-atlanta-ga/
UX Designer II,"Atlanta, GA",Cox Enterprises,https://jobs.coxenterprises.com/job/13717469/ux-designer-ii-atlanta-ga/
Business Process Analyst III,"Atlanta, GA",Cox Communications Inc,https://jobs.coxenterprises.com/job/13207507/business-process-analyst-iii-atlanta-ga/
"Senior Analyst, Internal Controls Governance and Technical Accounting","Atlanta, GA",Cox Enterprises,https://jobs.coxenterprises.com/job/13689659/senior-analyst-internal-controls-governance-and-technical-accounting-atlanta-ga/
Traffic Specialist II - Cox Media,"Atlanta, GA",Cox Communications Inc,https://jobs.coxenterprises.com/job/13659525/traffic-specialist-ii-cox-media-atlanta-ga/
Data Scientist,"Atlanta, GA",Cox Communications Inc,https://jobs.coxenterprises.com/job/13646576/data-scientist-atlanta-ga/
Product Integration Lead COX2M,"Atlanta, GA",Cox Communications Inc,https://jobs.coxenterprises.com/job/13603912/product-integration-lead-cox2m-atlanta-ga/
Record Information Management Analyst,"Atlanta, GA",Cox Enterprises,https://jobs.coxenterprises.com/job/13564755/record-information-management-analyst-atlanta-ga/
Senior Digital Marketing Specialist,"Atlanta, GA",Cox Enterprises,https://jobs.coxenterprises.com/job/13564740/senior-digital-marketing-specialist-remote/
Senior Software Engineering Lead COX2M,"Atlanta, GA",Cox Communications Inc,https://jobs.coxenterprises.com/job/13552038/senior-software-engineering-lead-cox2m-atlanta-ga/
Senior Solution Architect,"Atlanta, GA",Cox Enterprises,https://jobs.coxenterprises.com/job/13546278/senior-solution-architect-atlanta-ga/
"Senior Tax Specialist, International Tax","Atlanta, GA",Cox Enterprises,https://jobs.coxenterprises.com/job/13540301/senior-tax-specialist-international-tax-atlanta-ga/
Planning Analyst,"Atlanta, GA",Cox Enterprises,https://jobs.coxenterprises.com/job/13460427/planning-analyst-atlanta-ga/
Automotive Relationship Manager,"Atlanta, GA",Cox Communications Inc,https://jobs.coxenterprises.com/job/13286195/automotive-relationship-manager-atlanta-ga/
Vehicle Programs Engineer,"Atlanta, GA",Cox Enterprises,https://jobs.coxenterprises.com/job/13410030/vehicle-programs-engineer-remote/
Network Engineer,"Atlanta, GA",Cox Enterprises,https://jobs.coxenterprises.com/job/13390278/network-engineer-atlanta-ga/
Applications Developer - Oracle Identity,"Atlanta, GA",Cox Enterprises,https://jobs.coxenterprises.com/job/13367112/applications-developer-oracle-identity-remote/
Identity Consultant - Privilege Access Management,"Atlanta, GA",Cox Enterprises,https://jobs.coxenterprises.com/job/13302570/identity-consultant-privilege-access-management-atlanta-ga/
Senior Compensation Analyst,"Atlanta, GA",Cox Enterprises,https://jobs.coxenterprises.com/job/13294074/senior-compensation-analyst-atlanta-ga/
Consultant Identity Management - IGA,"Atlanta, GA",Cox Enterprises,https://jobs.coxenterprises.com/job/13274889/consultant-identity-management-iga-atlanta-ga/
"Analyst, Sales Research - Cox Media","Atlanta, GA",Cox Communications Inc,https://jobs.coxenterprises.com/job/13262985/analyst-sales-research-cox-media-atlanta-ga/
Senior Financial Analyst,"Atlanta, GA",Cox Communications Inc,https://jobs.coxenterprises.com/job/13144599/senior-financial-analyst-remote/
Senior Financial Analyst,"Atlanta, GA",Cox Communications Inc,https://jobs.coxenterprises.com/job/13143643/senior-financial-analyst-remote/
Senior Technology Internal Controls Analyst,"Atlanta, GA",Cox Communications Inc,https://jobs.coxenterprises.com/job/13133645/senior-technology-internal-controls-analyst-atlanta-ga/
Embedded Engineer COX2M,"Atlanta, GA",Cox Communications Inc,https://jobs.coxenterprises.com/job/13121412/embedded-engineer-cox2m-atlanta-ga/
Solutions Architect National Accounts – Cox Business,"Atlanta, GA",Cox Communications Inc,https://jobs.coxenterprises.com/job/13081424/solutions-architect-national-accounts-cox-business-remote/
Principal Architect IoT,"Atlanta, GA",Cox Communications Inc,https://jobs.coxenterprises.com/job/12951333/principal-architect-iot-atlanta-ga/
Senior Cleantech Strategy & Investments Analyst,"Atlanta, GA",Cox Enterprises,https://jobs.coxenterprises.com/job/12763656/senior-cleantech-strategy-investments-analyst-atlanta-ga/
Healthcare Software Business Analyst III - Trapollo,"Atlanta, GA",Cox Communications Inc,https://jobs.coxenterprises.com/job/12530642/healthcare-software-business-analyst-iii-trapollo-remote/
Billing Support Specialist II,"Atlanta, GA",Cox Communications Inc,https://jobs.coxenterprises.com/job/13964445/billing-support-specialist-ii-atlanta-ga/
Microsoft 365 Administrator,"Atlanta, GA",Cox Communications Inc,https://jobs.coxenterprises.com/job/13546292/microsoft-365-administrator-atlanta-ga/
Threat Detection & Response (TDR) Analyst,"Atlanta, GA",Cox Communications Inc,https://jobs.coxenterprises.com/job/13446730/threat-detection-response-tdr-analyst-atlanta-ga/
Senior Remedy Software Engineer,"Atlanta, GA",Cox Communications Inc,https://jobs.coxenterprises.com/job/13751756/senior-remedy-software-engineer-atlanta-ga/
Senior Solutions Architect IV,"Atlanta, GA",Cox Communications Inc,https://jobs.coxenterprises.com/job/14016701/senior-solutions-architect-iv-atlanta-ga/
Service Assurance Tech I,"Atlanta, GA",Cox Communications Inc,https://jobs.coxenterprises.com/job/13998232/service-assurance-tech-i-remote/
Service Assurance Technican II,"Atlanta, GA",Cox Communications Inc,https://jobs.coxenterprises.com/job/13998233/service-assurance-technican-ii-remote/
"Senior Strategic Architect IV, Cox Business","Atlanta, GA",Cox Communications Inc,https://jobs.coxenterprises.com/job/13991071/senior-strategic-architect-iv-cox-business-atlanta-ga/
"Manager, Communications Engineering","Atlanta, GA",Cox Communications Inc,https://jobs.coxenterprises.com/job/13989539/manager-communications-engineering-atlanta-ga/
"Senior Integration Architect, Mulesoft","Atlanta, GA",Cox Communications Inc,https://jobs.coxenterprises.com/job/13988739/senior-integration-architect-mulesoft-atlanta-ga/
Senior Data Scientist,"Atlanta, GA",Cox Communications Inc,https://jobs.coxenterprises.com/job/13175793/senior-data-scientist-atlanta-ga/
"Senior Software Developer, Intelligent Automation","Atlanta, GA",Cox Communications Inc,https://jobs.coxenterprises.com/job/13969421/senior-software-developer-intelligent-automation-atlanta-ga/
Lead Python Software Developer,"Atlanta, GA",Cox Communications Inc,https://jobs.coxenterprises.com/job/13967268/lead-python-software-developer-atlanta-ga/
Senior Network Engineer,"Atlanta, GA",Cox Communications Inc,https://jobs.coxenterprises.com/job/13745462/senior-network-engineer-atlanta-ga/
Senior Business Technical Analyst,"Atlanta, GA",Cox Communications Inc,https://jobs.coxenterprises.com/job/13964446/senior-business-technical-analyst-atlanta-ga/
Senior Data Scientist,"Atlanta, GA",Cox Communications Inc,https://jobs.coxenterprises.com/job/13954468/senior-data-scientist-atlanta-ga/
Senior NetDevOps Engineer,"Atlanta, GA",Cox Communications Inc,https://jobs.coxenterprises.com/job/13952061/senior-netdevops-engineer-atlanta-ga/
Network Planning Engineer II,"Atlanta, GA",Cox Communications Inc,https://jobs.coxenterprises.com/job/13947415/network-planning-engineer-ii-atlanta-ga/
Senior Informatica Developer,"Atlanta, GA",Cox Communications Inc,https://jobs.coxenterprises.com/job/13574645/senior-informatica-developer-atlanta-ga/
Senior Technical Billing Analyst III,"Atlanta, GA",Cox Communications Inc,https://jobs.coxenterprises.com/job/13920767/senior-technical-billing-analyst-iii-atlanta-ga/
"Lead Process Engineer, Continuous Improvement","Atlanta, GA",Cox Communications Inc,https://jobs.coxenterprises.com/job/13920766/lead-process-engineer-continuous-improvement-atlanta-ga/
"Lead Developer, Hadoop, AWS","Atlanta, GA",Cox Communications Inc,https://jobs.coxenterprises.com/job/13920764/lead-developer-hadoop-aws-atlanta-ga/
Sr Analytics Engineer,"Atlanta, GA",Cox Communications Inc,https://jobs.coxenterprises.com/job/13904844/sr-analytics-engineer-atlanta-ga/
Lead Process Improvement Analyst,"Atlanta, GA",Cox Communications Inc,https://jobs.coxenterprises.com/job/13902594/lead-process-improvement-analyst-atlanta-ga/
Lead Data Scientist,"Atlanta, GA",Cox Communications Inc,https://jobs.coxenterprises.com/job/13894175/lead-data-scientist-atlanta-ga/
Senior JEE Software Engineer,"Atlanta, GA",Cox Communications Inc,https://jobs.coxenterprises.com/job/13891470/senior-jee-software-engineer-remote/
Technical Analyst I – Report Developer,"Atlanta, GA",Cox Communications Inc,https://jobs.coxenterprises.com/job/13884604/technical-analyst-i-report-developer-atlanta-ga/
Lead Software Engineer,"Atlanta, GA",Cox Communications Inc,https://jobs.coxenterprises.com/job/13881416/lead-software-engineer-atlanta-ga/
Data Scientist,"Atlanta, GA",Cox Communications Inc,https://jobs.coxenterprises.com/job/13868734/data-scientist-atlanta-ga/
Data Engineer,"Atlanta, GA",Cox Communications Inc,https://jobs.coxenterprises.com/job/13868736/data-engineer-atlanta-ga/
Product Security Lead,"Atlanta, GA",Cox Communications Inc,https://jobs.coxenterprises.com/job/13863316/product-security-lead-atlanta-ga/
Senior Broadcast Video Engineer,"Atlanta, GA",Cox Communications Inc,https://jobs.coxenterprises.com/job/13526109/senior-broadcast-video-engineer-atlanta-ga/
Senior Integration Architect - Mulesoft,"Atlanta, GA",Cox Communications Inc,https://jobs.coxenterprises.com/job/13804309/senior-integration-architect-mulesoft-atlanta-ga/
"Technical Analyst IV, Network Planning","Atlanta, GA",Cox Communications Inc,https://jobs.coxenterprises.com/job/13799454/technical-analyst-iv-network-planning-atlanta-ga/
Service Assurance Data Analyst III,"Atlanta, GA",Cox Communications Inc,https://jobs.coxenterprises.com/job/13572701/service-assurance-data-analyst-iii-atlanta-ga/
Lead Enterprise Endpoint Architect (Microsoft Modern Management),"Atlanta, GA",Cox Communications Inc,https://jobs.coxenterprises.com/job/13742387/lead-enterprise-endpoint-architect-microsoft-modern-management-atlanta-ga/
Cloud Security Consultant,"Atlanta, GA",Cox Communications Inc,https://jobs.coxenterprises.com/job/13741059/cloud-security-consultant-atlanta-ga/
Customer Security Operations Analyst,"Atlanta, GA",Cox Communications Inc,https://jobs.coxenterprises.com/job/13741061/customer-security-operations-analyst-atlanta-ga/
Senior Solutions Architect IV,"Atlanta, GA",Cox Communications Inc,https://jobs.coxenterprises.com/job/13717467/senior-solutions-architect-iv-atlanta-ga/
Senior Construction Engineer,"Atlanta, GA",Cox Communications Inc,https://jobs.coxenterprises.com/job/13695920/senior-construction-engineer-atlanta-ga/
Senior Threat Detection and Response (TDR) Analyst,"Atlanta, GA",Cox Communications Inc,https://jobs.coxenterprises.com/job/13635549/senior-threat-detection-and-response-tdr-analyst-atlanta-ga/
Penetration Testing Engineer,"Atlanta, GA",Cox Communications Inc,https://jobs.coxenterprises.com/job/12286499/penetration-testing-engineer-remote/
Senior Network Security Consultant,"Atlanta, GA",Cox Communications Inc,https://jobs.coxenterprises.com/job/13175791/senior-network-security-consultant-atlanta-ga/
Senior Analytics Engineer,"Atlanta, GA",Cox Communications Inc,https://jobs.coxenterprises.com/job/13610718/senior-analytics-engineer-atlanta-ga/
Associate Security Consultant – CALEA,"Atlanta, GA",Cox Communications Inc,https://jobs.coxenterprises.com/job/13608441/associate-security-consultant-calea-atlanta-ga/
Pega Systems Architect,"Atlanta, GA",Cox Communications Inc,https://jobs.coxenterprises.com/job/13577508/pega-systems-architect-atlanta-ga/
Product Owner - Employee Experience Platforms,"Atlanta, GA",Cox Communications Inc,https://jobs.coxenterprises.com/job/13552041/product-owner-employee-experience-platforms-atlanta-ga/
Senior Solutions Architect,"Atlanta, GA",Cox Communications Inc,https://jobs.coxenterprises.com/job/13487587/senior-solutions-architect-atlanta-ga/
Senior Application Engineer,"Atlanta, GA",Cox Communications Inc,https://jobs.coxenterprises.com/job/13446729/senior-application-engineer-atlanta-ga/
"Security Orchestration, Automation and Response (SOAR) Engineer","Atlanta, GA",Cox Communications Inc,https://jobs.coxenterprises.com/job/13446731/security-orchestration-automation-and-response-soar-engineer-atlanta-ga/
Data Scientist,"Atlanta, GA",Cox Communications Inc,https://jobs.coxenterprises.com/job/13393967/data-scientist-atlanta-ga/
Analytics Engineer,"Atlanta, GA",Cox Communications Inc,https://jobs.coxenterprises.com/job/13385329/analytics-engineer-atlanta-ga/
Senior Data Center Network DevOps Engineer,"Atlanta, GA",Cox Communications Inc,https://jobs.coxenterprises.com/job/13360468/senior-data-center-network-devops-engineer-remote/
Customer Cyber Security Operations Engineer,"Atlanta, GA",Cox Communications Inc,https://jobs.coxenterprises.com/job/13331713/customer-cyber-security-operations-engineer-atlanta-ga/
"Principal, Cyber Defense","Atlanta, GA",Cox Communications Inc,https://jobs.coxenterprises.com/job/12713642/principal-cyber-defense-atlanta-ga/
Senior Network Planning Engineer,"Atlanta, GA",Cox Communications Inc,https://jobs.coxenterprises.com/job/13180330/senior-network-planning-engineer-atlanta-ga/
Pega Technical Analyst,"Atlanta, GA",Cox Communications Inc,https://jobs.coxenterprises.com/job/13121419/pega-technical-analyst-atlanta-ga/
Senior Software Developer,"Atlanta, GA",Cox Communications Inc,https://jobs.coxenterprises.com/job/13110608/senior-software-developer-atlanta-ga/
Cyber Security Architect,"Atlanta, GA",Cox Communications Inc,https://jobs.coxenterprises.com/job/13071176/cyber-security-architect-atlanta-ga/
Vulnerability Management Senior Security Consultant,"Atlanta, GA",Cox Communications Inc,https://jobs.coxenterprises.com/job/13056916/vulnerability-management-senior-security-consultant-atlanta-ga/
Lead Middleware Application Developer,"Atlanta, GA",Cox Communications Inc,https://jobs.coxenterprises.com/job/12236918/lead-middleware-application-developer-remote/
Senior Enterprise Integration Architect IV,"Atlanta, GA",Cox Communications Inc,https://jobs.coxenterprises.com/job/12882449/senior-enterprise-integration-architect-iv-atlanta-ga/
"Senior Data Scientist, Advanced Sales Analytics","Atlanta, GA",Cox Communications Inc,https://jobs.coxenterprises.com/job/12849891/senior-data-scientist-advanced-sales-analytics-atlanta-ga/
Data Analyst II,"Atlanta, GA",Cox Automotive,https://jobs.coxenterprises.com/job/13883437/data-analyst-ii-atlanta-ga/
Senior Software Engineer,"Atlanta, GA",Cox Automotive,https://jobs.coxenterprises.com/job/14020944/senior-software-engineer-remote/
Lead Software Engineer,"Atlanta, GA",Cox Automotive,https://jobs.coxenterprises.com/job/14018895/lead-software-engineer-atlanta-ga/
Site Reliability Engineer II,"Atlanta, GA",Cox Automotive,https://jobs.coxenterprises.com/job/14016703/site-reliability-engineer-ii-atlanta-ga/
"Automotive Conflict Resolution Specialist - Arbitrator IIAutomotive Conflict Resolution Specialist - Arbitrator II - $2,500 Sign On Bonus","Atlanta, GA",Cox Automotive,https://jobs.coxenterprises.com/job/14010516/automotive-conflict-resolution-specialist-arbitrator-iiautomotive-conflict-resolution-specialist-arbitrator-ii-2-500-sign-on-bonus-remote/
Client Insights Analyst,"Atlanta, GA",Cox Automotive,https://jobs.coxenterprises.com/job/14005581/client-insights-analyst-atlanta-ga/
Data Syndication Solutions Expert,"Atlanta, GA",Cox Automotive,https://jobs.coxenterprises.com/job/14005587/data-syndication-solutions-expert-remote/
Data Syndication Solutions Expert,"Atlanta, GA",Cox Automotive,https://jobs.coxenterprises.com/job/14005588/data-syndication-solutions-expert-remote/
Software Test Engineer II,"Atlanta, GA",Cox Automotive,https://jobs.coxenterprises.com/job/14001481/software-test-engineer-ii-atlanta-ga/
Senior Software Engineer,"Atlanta, GA",Cox Automotive,https://jobs.coxenterprises.com/job/12202240/senior-software-engineer-remote/
Software Engineer II,"Atlanta, GA",Cox Automotive,https://jobs.coxenterprises.com/job/13998223/software-engineer-ii-atlanta-ga/
Enterprise Client Success Manager,"Atlanta, GA",Cox Automotive,https://jobs.coxenterprises.com/job/13991067/enterprise-client-success-manager-remote/
Senior Product Owner,"Atlanta, GA",Cox Automotive,https://jobs.coxenterprises.com/job/13974186/senior-product-owner-atlanta-ga/
Inside Sales Trade Desk - Manheim Express,"Atlanta, GA",Cox Automotive,https://jobs.coxenterprises.com/job/13969420/inside-sales-trade-desk-manheim-express-atlanta-ga/
Senior Scrum Master,"Atlanta, GA",Cox Automotive,https://jobs.coxenterprises.com/job/13967266/senior-scrum-master-atlanta-ga/
Software Engineer,"Atlanta, GA",Cox Automotive,https://jobs.coxenterprises.com/job/13931768/software-engineer-atlanta-ga/
Senior UX Designer,"Atlanta, GA",Cox Automotive,https://jobs.coxenterprises.com/job/13923330/senior-ux-designer-atlanta-ga/
Lead Product Owner,"Atlanta, GA",Cox Automotive,https://jobs.coxenterprises.com/job/13907688/lead-product-owner-atlanta-ga/
Senior Business Analyst,"Atlanta, GA",Cox Automotive,https://jobs.coxenterprises.com/job/13897039/senior-business-analyst-atlanta-ga/
Senior Release Train Engineer,"Atlanta, GA",Cox Automotive,https://jobs.coxenterprises.com/job/13884602/senior-release-train-engineer-atlanta-ga/
Senior Product Owner,"Atlanta, GA",Cox Automotive,https://jobs.coxenterprises.com/job/13871236/senior-product-owner-atlanta-ga/
Product Owner,"Atlanta, GA",Cox Automotive,https://jobs.coxenterprises.com/job/13871237/product-owner-atlanta-ga/
Lead Product Owner,"Atlanta, GA",Cox Automotive,https://jobs.coxenterprises.com/job/13871235/lead-product-owner-atlanta-ga/
Lead Software Engineer,"Atlanta, GA",Cox Automotive,https://jobs.coxenterprises.com/job/13853187/lead-software-engineer-atlanta-ga/
Senior Software Engineer,"Atlanta, GA",Cox Automotive,https://jobs.coxenterprises.com/job/13839603/senior-software-engineer-atlanta-ga/
Senior Software Engineer,"Atlanta, GA",Cox Automotive,https://jobs.coxenterprises.com/job/13839602/senior-software-engineer-atlanta-ga/
Software Engineer I,"Atlanta, GA",Cox Automotive,https://jobs.coxenterprises.com/job/13592206/software-engineer-i-atlanta-ga/
Senior Digital Auction Specialist,"Atlanta, GA",Cox Automotive,https://jobs.coxenterprises.com/job/13804303/senior-digital-auction-specialist-remote/
Lead Product Owner,"Atlanta, GA",Cox Automotive,https://jobs.coxenterprises.com/job/13778686/lead-product-owner-atlanta-ga/
Technical Analyst I,"Atlanta, GA",Cox Automotive,https://jobs.coxenterprises.com/job/13751747/technical-analyst-i-atlanta-ga/
Senior Technical Analyst,"Atlanta, GA",Cox Automotive,https://jobs.coxenterprises.com/job/13741047/senior-technical-analyst-atlanta-ga/
Senior Software Engineer,"Atlanta, GA",Cox Automotive,https://jobs.coxenterprises.com/job/13738546/senior-software-engineer-atlanta-ga/
Principal Software Engineer,"Atlanta, GA",Cox Automotive,https://jobs.coxenterprises.com/job/13716219/principal-software-engineer-remote/
Technical Product Owner,"Atlanta, GA",Cox Automotive,https://jobs.coxenterprises.com/job/13716221/technical-product-owner-atlanta-ga/
Lead Software Engineer,"Atlanta, GA",Cox Automotive,https://jobs.coxenterprises.com/job/13695915/lead-software-engineer-atlanta-ga/
Site Reliability Engineer II,"Atlanta, GA",Cox Automotive,https://jobs.coxenterprises.com/job/13623616/site-reliability-engineer-ii-atlanta-ga/
Senior Scrum Master,"Atlanta, GA",Cox Automotive,https://jobs.coxenterprises.com/job/13579848/senior-scrum-master-atlanta-ga/
Senior Site Reliability Engineer,"Atlanta, GA",Cox Automotive,https://jobs.coxenterprises.com/job/13577504/senior-site-reliability-engineer-atlanta-ga/
Software Engineer II - JAVA,"Atlanta, GA",Cox Automotive,https://jobs.coxenterprises.com/job/13446728/software-engineer-ii-java-atlanta-ga/
Software Test Engineer II - JAVA,"Atlanta, GA",Cox Automotive,https://jobs.coxenterprises.com/job/13436736/software-test-engineer-ii-java-atlanta-ga/
Senior Detection Engineering Consultant,"Atlanta, GA",Cox Communications Inc,https://jobs.coxenterprises.com/job/13330287/senior-detection-engineering-consultant-atlanta-ga/
Senior Software Engineer,"Atlanta, GA",Cox Automotive,https://jobs.coxenterprises.com/job/12827621/senior-software-engineer-atlanta-ga/
Senior Security Engineer,"Atlanta, GA",Cox Enterprises,https://jobs.coxenterprises.com/job/13276918/senior-security-engineer-atlanta-ga/
Lead Solution Architect,"Atlanta, GA",Cox Automotive,https://jobs.coxenterprises.com/job/12717164/lead-solution-architect-atlanta-ga/
Senior Software Test Engineer (SDET),"Atlanta, GA",Cox Automotive,https://jobs.coxenterprises.com/job/12701781/senior-software-test-engineer-sdet-atlanta-ga/
Senior Business Operations Analyst,"Atlanta, GA",Cox Automotive,https://jobs.coxenterprises.com/job/13838165/senior-business-operations-analyst-remote/
TESTING PURPOSES ONLY DO NOT APPLY_092021,"Atlanta, GA",Cox Automotive,https://jobs.coxenterprises.com/job/13901511/testing-purposes-only-do-not-apply-092021-atlanta-ga/
Lead Software Engineer,"Atlanta, GA",Cox Automotive,https://jobs.coxenterprises.com/job/13522996/lead-software-engineer-atlanta-ga/
Title & Record Specialist I,"College Park, GA",Cox Automotive,https://jobs.coxenterprises.com/job/13998238/title-record-specialist-i-college-park-ga/
Title & Record Specialist II,"College Park, GA",Cox Automotive,https://jobs.coxenterprises.com/job/13998237/title-record-specialist-ii-college-park-ga/
Vehicle Photographer I,"College Park, GA",Cox Automotive,https://jobs.coxenterprises.com/job/13760014/vehicle-photographer-i-college-park-ga/
Vehicle Check-In Clerk I,"College Park, GA",Cox Automotive,https://jobs.coxenterprises.com/job/13817100/vehicle-check-in-clerk-i-college-park-ga/
Inspector Level I,"College Park, GA",Cox Automotive,https://jobs.coxenterprises.com/job/13935793/inspector-level-i-college-park-ga/
Financial Analyst II,"College Park, GA",Cox Automotive,https://jobs.coxenterprises.com/job/13605396/financial-analyst-ii-college-park-ga/
Logistics Concierge II,"Phoenix, AZ",Cox Automotive,https://jobs.coxenterprises.com/job/13639120/logistics-concierge-ii-remote/
Vehicle Condition Inspector,"Charlotte, NC",Cox Automotive,https://jobs.coxenterprises.com/job/13947404/vehicle-condition-inspector-remote/
Vehicle Inspections Rep III - Express,"Lexington, KY",Cox Automotive,https://jobs.coxenterprises.com/job/13336278/vehicle-inspections-rep-iii-express-remote/
Vehicle Condition Inspector,"Charleston, WV",Cox Automotive,https://jobs.coxenterprises.com/job/13871233/vehicle-condition-inspector-remote/
Cloud Support Tech I (Network) - RapidScale,"Raleigh, NC",Cox Communications Inc,https://jobs.coxenterprises.com/job/13379876/cloud-support-tech-i-network-rapidscale-remote/
Cloud Support Tech I (Outlook) - RapidScale,"Raleigh, NC",Cox Communications Inc,https://jobs.coxenterprises.com/job/13369973/cloud-support-tech-i-outlook-rapidscale-remote/
Cloud Support Tech I Infrastructure - RapidScale,"Raleigh, NC",Cox Communications Inc,https://jobs.coxenterprises.com/job/13267556/cloud-support-tech-i-infrastructure-rapidscale-remote/
Professional Services Engineer - RapidScale,"Raleigh, NC",Cox Communications Inc,https://jobs.coxenterprises.com/job/13980188/professional-services-engineer-rapidscale-remote/
Software Architect - RapidScale,"Raleigh, NC",Cox Communications Inc,https://jobs.coxenterprises.com/job/13902595/software-architect-rapidscale-remote/
Sr. Software Engineer - RapidScale,"Raleigh, NC",Cox Communications Inc,https://jobs.coxenterprises.com/job/12947998/sr-software-engineer-rapidscale-remote/
Vehicle Condition Inspector,"Cincinnati, OH",Cox Automotive,https://jobs.coxenterprises.com/job/13849085/vehicle-condition-inspector-remote/
Client Trainer II,"Cincinnati, OH",Cox Automotive,https://jobs.coxenterprises.com/job/13904836/client-trainer-ii-remote/
Client Service Representative II,"Wilmington, OH",Cox Automotive,https://jobs.coxenterprises.com/job/13988736/client-service-representative-ii-remote/
Senior Client Service Representative,"Wilmington, OH",Cox Automotive,https://jobs.coxenterprises.com/job/13626030/senior-client-service-representative-remote/
Senior Client Service Rep,"Wilmington, OH",Cox Automotive,https://jobs.coxenterprises.com/job/13956374/senior-client-service-rep-remote/
Bilingual Inside Sales Business Development Executive,"Carmel, IN",Cox Automotive,https://jobs.coxenterprises.com/job/13852002/bilingual-inside-sales-business-development-executive-remote/
Inside Sales Business Development Executive,"Carmel, IN",Cox Automotive,https://jobs.coxenterprises.com/job/13764018/inside-sales-business-development-executive-remote/
Vehicle Condition Inspector,"Port Charlotte, FL",Cox Automotive,https://jobs.coxenterprises.com/job/13286201/vehicle-condition-inspector-remote/
Vehicle Condition Inspector,"Springfield, IL",Cox Automotive,https://jobs.coxenterprises.com/job/13980186/vehicle-condition-inspector-remote/
Vehicle Condition Inspector,"Chantilly, VA",Cox Automotive,https://jobs.coxenterprises.com/job/13827485/vehicle-condition-inspector-remote/
Vehicle Condition Inspector,"Baltimore, MD",Cox Automotive,https://jobs.coxenterprises.com/job/13881420/vehicle-condition-inspector-remote/
Vehicle Inspections Rep,"Detroit, MI",Cox Automotive,https://jobs.coxenterprises.com/job/13852000/vehicle-inspections-rep-remote/
Vehicle Condition Inspector,"Harrisburg, PA",Cox Automotive,https://jobs.coxenterprises.com/job/13265503/vehicle-condition-inspector-remote/
Senior Software Engineer,"Exton, PA",Cox Automotive,https://jobs.coxenterprises.com/job/13721839/senior-software-engineer-remote/
Senior Digital Media Sales Representative,"Williamsport, PA",Cox Automotive,https://jobs.coxenterprises.com/job/13672225/senior-digital-media-sales-representative-remote/
Technical Client Service Representative,"Mission, KS",Cox Automotive,https://jobs.coxenterprises.com/job/13979198/technical-client-service-representative-remote/
Technical Client Service Representative,"Draper, UT",Cox Automotive,https://jobs.coxenterprises.com/job/13947402/technical-client-service-representative-remote/
Account Management Specialist II,"Mission, KS",Cox Automotive,https://jobs.coxenterprises.com/job/14020945/account-management-specialist-ii-remote/
Implementation Project Lead,"Burlington, VT",Cox Automotive,https://jobs.coxenterprises.com/job/13974185/implementation-project-lead-remote/
Senior Software Engineer,"Burlington, VT",Cox Automotive,https://jobs.coxenterprises.com/job/13814712/senior-software-engineer-remote/
Vehicle Condition Inspector III,"Houston, TX",Cox Automotive,https://jobs.coxenterprises.com/job/13554578/vehicle-condition-inspector-iii-remote/
Lead Solution Architect-Digital Commerce,"Dallas, TX",Cox Automotive,https://jobs.coxenterprises.com/job/13944903/lead-solution-architect-digital-commerce-remote/
Vehicle Inspections Rep,"Dallas, TX",Cox Automotive,https://jobs.coxenterprises.com/job/13717471/vehicle-inspections-rep-remote/
"Client Solutions Specialist II (Dallas, TX)","Dallas, TX",Cox Automotive,https://jobs.coxenterprises.com/job/13702195/client-solutions-specialist-ii-dallas-tx-remote/
Vehicle Inspections Rep,"Dallas, TX",Cox Automotive,https://jobs.coxenterprises.com/job/13301163/vehicle-inspections-rep-remote/
Client Solutions Specialist II,"Queens, NY",Cox Automotive,https://jobs.coxenterprises.com/job/13420926/client-solutions-specialist-ii-remote/
Senior Digital Media Sales Representative,"Middletown, NY",Cox Automotive,https://jobs.coxenterprises.com/job/13349733/senior-digital-media-sales-representative-remote/
Enrollment Rep I,"North Hills, NY",Cox Automotive,https://jobs.coxenterprises.com/job/13891467/enrollment-rep-i-remote/
Senior QA Analyst,"North Hills, NY",Cox Automotive,https://jobs.coxenterprises.com/job/13979205/senior-qa-analyst-remote/
Senior Software Engineer,"North Hills, NY",Cox Automotive,https://jobs.coxenterprises.com/job/13952063/senior-software-engineer-remote/
Senior Software Engineer,"North Hills, NY",Cox Automotive,https://jobs.coxenterprises.com/job/13602778/senior-software-engineer-remote/
Lead Release Train Engineer,"North Hills, NY",Cox Automotive,https://jobs.coxenterprises.com/job/13765255/lead-release-train-engineer-remote/
Senior Release Engineer,"North Hills, NY",Cox Automotive,https://jobs.coxenterprises.com/job/13583878/senior-release-engineer-remote/
Lead Platform Engineer,"North Hills, NY",Cox Automotive,https://jobs.coxenterprises.com/job/13571469/lead-platform-engineer-remote/
Senior Release Train Engineer,"Groton, CT",Cox Automotive,https://jobs.coxenterprises.com/job/13040373/senior-release-train-engineer-remote/
Senior Software Engineer,"North Hills, NY",Cox Automotive,https://jobs.coxenterprises.com/job/12751282/senior-software-engineer-remote/
Vehicle Condition Inspector,"Albany, NY",Cox Automotive,https://jobs.coxenterprises.com/job/13849096/vehicle-condition-inspector-remote/
Performance Test Engineer II,"Austin, TX",Cox Automotive,https://jobs.coxenterprises.com/job/14010534/performance-test-engineer-ii-remote/
Senior Software Test Engineer,"Austin, TX",Cox Automotive,https://jobs.coxenterprises.com/job/13648788/senior-software-test-engineer-remote/
"Client Solutions Specialist II (Austin, TX)","Austin, TX",Cox Automotive,https://jobs.coxenterprises.com/job/13977010/client-solutions-specialist-ii-austin-tx-remote/
Senior Product Mgr,"New York, NY",Cox Automotive,https://jobs.coxenterprises.com/job/13871232/senior-product-mgr-remote/
Technical Client Service Representative I,"Groton, CT",Cox Automotive,https://jobs.coxenterprises.com/job/13891469/technical-client-service-representative-i-remote/
Contract Implementation Specialist II,"Groton, CT",Cox Automotive,https://jobs.coxenterprises.com/job/13868739/contract-implementation-specialist-ii-remote/
Senior Product Owner,"Groton, CT",Cox Automotive,https://jobs.coxenterprises.com/job/13479786/senior-product-owner-remote/
Senior Product Owner,"Groton, CT",Cox Automotive,https://jobs.coxenterprises.com/job/13602780/senior-product-owner-remote/
Senior Product Owner,"Groton, CT",Cox Automotive,https://jobs.coxenterprises.com/job/13579843/senior-product-owner-remote/
"Sales Executive, San Antonio, TX","San Antonio, TX",Cox Automotive,https://jobs.coxenterprises.com/job/13572703/sales-executive-san-antonio-tx-remote/
Client Solutions Specialist II,"Boston, MA",Cox Automotive,https://jobs.coxenterprises.com/job/13765253/client-solutions-specialist-ii-remote/
Compliance Coordinator,"Burlington, VT",Cox Automotive,https://jobs.coxenterprises.com/job/13996060/compliance-coordinator-remote/
Campaign Coordinator,"Burlington, VT",Cox Automotive,https://jobs.coxenterprises.com/job/13996061/campaign-coordinator-remote/
Campaign Specialist,"Burlington, VT",Cox Automotive,https://jobs.coxenterprises.com/job/13883449/campaign-specialist-remote/
Sr Software Engineer,"Burlington, VT",Cox Automotive,https://jobs.coxenterprises.com/job/13960080/sr-software-engineer-remote/
UX Designer II,"Burlington, VT",Cox Automotive,https://jobs.coxenterprises.com/job/13948554/ux-designer-ii-remote/
Enterprise Insights Analyst II,"Burlington, VT",Cox Automotive,https://jobs.coxenterprises.com/job/13947413/enterprise-insights-analyst-ii-remote/
Regional Advocate,"Burlington, VT",Cox Automotive,https://jobs.coxenterprises.com/job/13871249/regional-advocate-remote/
Senior Software Engineer,"Burlington, VT",Cox Automotive,https://jobs.coxenterprises.com/job/12838222/senior-software-engineer-remote/
Senior Software Engineer,"Burlington, VT",Cox Automotive,https://jobs.coxenterprises.com/job/13751749/senior-software-engineer-remote/
"Software Engineer II, Analytics","Burlington, VT",Cox Automotive,https://jobs.coxenterprises.com/job/13478516/software-engineer-ii-analytics-remote/
Senior Recruiter-Manheim,"Aurora, CO",Cox Enterprises,https://jobs.coxenterprises.com/job/13947418/senior-recruiter-manheim-remote/
Vehicle Inspections Rep III,"Denver, CO",Cox Automotive,https://jobs.coxenterprises.com/job/13384068/vehicle-inspections-rep-iii-remote/
"Client Solutions Specialist II (Fort Collins, CO)","Fort Collins, CO",Cox Automotive,https://jobs.coxenterprises.com/job/13808079/client-solutions-specialist-ii-fort-collins-co-remote/
Floorplan Specialist I,"Phoenix, AZ",Cox Automotive,https://jobs.coxenterprises.com/job/14010523/floorplan-specialist-i-remote/
"Client Solutions Specialist II (El Paso, TX)","El Paso, TX",Cox Automotive,https://jobs.coxenterprises.com/job/13172387/client-solutions-specialist-ii-el-paso-tx-remote/
Principal Solution Architect,"Draper, UT",Cox Automotive,https://jobs.coxenterprises.com/job/13873536/principal-solution-architect-remote/
Vehicle Inspections Rep,"Salt Lake City, UT",Cox Automotive,https://jobs.coxenterprises.com/job/13015270/vehicle-inspections-rep-remote/
"Client Solutions Specialist II (Helena, MT)","Helena, MT",Cox Automotive,https://jobs.coxenterprises.com/job/13387197/client-solutions-specialist-ii-helena-mt-remote/
Vehicle Inspections Rep II - Express,"Riverside, CA",Cox Automotive,https://jobs.coxenterprises.com/job/13429981/vehicle-inspections-rep-ii-express-remote/
Field Inspector III - Express,"Oceanside, CA",Cox Automotive,https://jobs.coxenterprises.com/job/13849090/field-inspector-iii-express-remote/
Lead Search Engine Optimization (SEO) Product Manager,"Irvine, CA",Cox Automotive,https://jobs.coxenterprises.com/job/13776375/lead-search-engine-optimization-seo-product-manager-remote/
Field Inspector - Express,"Anaheim, CA",Cox Automotive,https://jobs.coxenterprises.com/job/13808085/field-inspector-express-remote/
Field Inspector III - Express,"Anaheim, CA",Cox Automotive,https://jobs.coxenterprises.com/job/13665800/field-inspector-iii-express-remote/
